,date,logRet,sentiment_score,RV
3,2023-02-25 21:30:00,-0.0012885157433277,0.1332065868263473,0.002345467611561743
4,2023-02-25 21:45:00,0.0014786199480383,0.1459236363636363,0.002361636889195434
5,2023-02-25 22:00:00,0.0017850411535711,0.0816723756906077,0.0028542603891154915
6,2023-02-25 22:15:00,0.0033588825408799,0.125491447368421,0.004279609049307001
7,2023-02-25 22:30:00,0.0006365284267886,0.1348024242424242,0.004130369139945849
8,2023-02-25 22:45:00,0.0022194741693972,0.130891875,0.004449685142805232
9,2023-02-25 23:00:00,-0.0002106513915425,0.1121321839080459,0.004081384563958408
10,2023-02-25 23:15:00,0.0031227781539708,0.1721865853658536,0.00388938959663434
11,2023-02-25 23:30:00,-0.0013528703948875,0.1622686746987951,0.004068469159482535
12,2023-02-25 23:45:00,0.0001049290984678,0.1904975155279503,0.0034113612867511405
13,2023-02-26 00:00:00,-0.0024282784975415,0.1251645,0.004182050726809517
14,2023-02-26 00:15:00,0.0004513440978133,0.149411875,0.002818069618962887
15,2023-02-26 00:30:00,-0.0001285019764889,0.1515522222222222,0.0024754334630363475
16,2023-02-26 00:45:00,-0.0004319222641715,0.2119513157894736,0.0025106408656958277
17,2023-02-26 01:00:00,0.0009899423024855,0.1086883838383838,0.001177610656002137
18,2023-02-26 01:15:00,-0.0004161063492897,0.1355186567164179,0.0011645599411013946
19,2023-02-26 01:30:00,-0.000719727599252,0.1603313432835821,0.0013629728227597122
20,2023-02-26 01:45:00,0.0007534724028808,0.2102150793650793,0.001496281636323025
21,2023-02-26 02:00:00,-0.0019842247271633,0.1895052023121387,0.0022794781729232436
22,2023-02-26 02:15:00,0.001289198120693,0.120351282051282,0.002585518911420423
23,2023-02-26 02:30:00,0.0029744886554095,0.165659375,0.003874852640468721
24,2023-02-26 02:45:00,0.0031743677925444,0.1473495934959349,0.004952107955788894
25,2023-02-26 03:00:00,-0.0007127734375309,0.1239674418604651,0.004592850031423953
26,2023-02-26 03:15:00,-0.0001412376467833,0.1848276315789473,0.004410463432522882
27,2023-02-26 03:30:00,0.0011435377704369,0.1591088235294117,0.003451417616122034
28,2023-02-26 03:45:00,-0.0013571545487813,0.1702499999999999,0.0019176916195812273
29,2023-02-26 04:00:00,-0.000578631038909,0.1958482352941176,0.0018719799821983575
30,2023-02-26 04:15:00,0.0004054645996838,0.1930918518518518,0.0019101734273304148
31,2023-02-26 04:30:00,-0.0017337472050691,0.168625,0.0023123501597181045
32,2023-02-26 04:45:00,0.0008786753575389,0.2522396907216495,0.0020681308410776824
33,2023-02-26 05:00:00,-0.0006486871860307,0.2242724,0.0020888145829508664
34,2023-02-26 05:15:00,-0.0005006048360254,0.2740654867256637,0.002109348245834119
35,2023-02-26 05:30:00,0.0003072974979012,0.2121608510638298,0.001240121930833778
36,2023-02-26 05:45:00,-0.0018694137395929,0.2174190751445086,0.00206410749457665
37,2023-02-26 06:00:00,-0.0013848748893128,0.1601933333333333,0.0023995047703424567
38,2023-02-26 06:15:00,0.0017553205889981,0.281209604519774,0.0029305576792147984
39,2023-02-26 06:30:00,0.000931343309638,0.2257397849462365,0.0030595975093786355
40,2023-02-26 06:45:00,0.0005167027401569,0.259634193548387,0.0024765724118835874
41,2023-02-26 07:00:00,-0.0006566080538501,0.2089309417040358,0.00215561281046355
42,2023-02-26 07:15:00,0.000163220963115,0.0970301204819277,0.0012618071569277598
43,2023-02-26 07:30:00,0.0014807249627537,0.1950732620320855,0.001708011521093637
44,2023-02-26 07:45:00,-0.001615013283434,0.2334709359605911,0.0022931614727644497
45,2023-02-26 08:00:00,-0.0004738234247678,0.1932944206008583,0.002247657456475317
46,2023-02-26 08:15:00,-0.0003901982087857,0.1499814814814815,0.002275429102606467
47,2023-02-26 08:30:00,0.0011589141024845,0.1492602739726027,0.0020804117579469646
48,2023-02-26 08:45:00,-0.0003700327091546,0.1996879069767442,0.0013626332532196631
49,2023-02-26 09:00:00,0.0014762914673163,0.2015449799196787,0.0019523568427396232
50,2023-02-26 09:15:00,0.0021950841705091,0.22745625,0.002911672563127984
51,2023-02-26 09:30:00,5.3782814251945865e-05,0.1948717842323651,0.0026716376642508407
52,2023-02-26 09:45:00,0.0021382108427463,0.2056149425287356,0.003401862609106552
53,2023-02-26 10:00:00,-0.0020530247842973,0.1524511210762331,0.003688921723174036
54,2023-02-26 10:15:00,0.0003342206485275,0.1973808510638297,0.0029835301919015032
55,2023-02-26 10:30:00,-0.00079809923254,0.1986576086956521,0.003087964086556043
56,2023-02-26 10:45:00,0.0002758572626166,0.1782263803680981,0.0022449217850874846
57,2023-02-26 11:00:00,-0.0009117807605374,0.1465530909090909,0.0012868982910500593
58,2023-02-26 11:15:00,0.0007887087628333,0.19896,0.001471891735888022
59,2023-02-26 11:30:00,-0.000748655608417,0.2141483091787439,0.001445679119724964
60,2023-02-26 11:45:00,0.0015814627498649,0.2053004545454545,0.0021248330092222953
61,2023-02-26 12:00:00,-0.0023039580395138,0.1126374485596707,0.0029986319896970993
62,2023-02-26 12:15:00,0.0016536018691759,0.1811890410958904,0.003332286218020112
63,2023-02-26 12:30:00,-0.0023033023378733,0.2283609195402299,0.003981061149799782
64,2023-02-26 12:45:00,-0.0009280747129825,0.2319576470588235,0.003769502105333337
65,2023-02-26 13:00:00,-0.0002611897705318,0.1715075268817204,0.0029948528462184322
66,2023-02-26 13:15:00,0.001205221043719,0.1867115555555555,0.002772598455056868
67,2023-02-26 13:30:00,-0.0001802808158917,0.219219921875,0.0015538988724848528
68,2023-02-26 13:45:00,0.0013521760690604,0.1893681415929203,0.001838928806335847
69,2023-02-26 14:00:00,0.0027126260780185,0.1929851485148515,0.003266768938521266
70,2023-02-26 14:15:00,-0.0021140629560942,0.191537890625,0.003699795091054907
71,2023-02-26 14:30:00,-0.0001235588657326,0.16533875,0.0036974652583244834
72,2023-02-26 14:45:00,-0.0012666049705405,0.2508088669950739,0.0036670365918783526
73,2023-02-26 15:00:00,0.0009152182813814,0.1519691304347826,0.0026318133728673652
74,2023-02-26 15:15:00,-0.0006626308755297,0.1595261224489796,0.0017018399232827416
75,2023-02-26 15:30:00,0.0007702992312577,0.1992560260586319,0.0018639617047713412
76,2023-02-26 15:45:00,0.0012158474823937,0.1979851145038168,0.0018298497714018171
77,2023-02-26 16:00:00,0.0004210056506614,0.1596489583333333,0.001639503412992296
78,2023-02-26 16:15:00,-0.0023649170108157,0.1753386029411764,0.002800307881654015
79,2023-02-26 16:30:00,-0.0006815861432407,0.2168223577235772,0.002777214971340016
80,2023-02-26 16:45:00,-3.4932486503436166e-05,0.2269538461538461,0.002497170033298762
81,2023-02-26 17:00:00,-0.0002829549835787,0.1809348441926345,0.002477635150712981
82,2023-02-26 17:15:00,-0.0005514746476524,0.2001863501483679,0.000921936960429728
83,2023-02-26 17:30:00,0.000698569471238,0.1688806324110671,0.0009345626755303321
84,2023-02-26 17:45:00,0.0024818179067889,0.1855321126760563,0.00265171779010119
85,2023-02-26 18:00:00,0.000677863482922,0.149978612716763,0.0027223230185057503
86,2023-02-26 18:15:00,-0.0013643673395637,0.2006029520295203,0.0029947314683208327
87,2023-02-26 18:30:00,0.0089622500390902,0.1912899676375404,0.009423499510499143
88,2023-02-26 18:45:00,0.001757379033501,0.1758487804878048,0.009259120042925702
89,2023-02-26 19:00:00,-0.0011883015933253,0.2025529891304348,0.009310417055348744
90,2023-02-26 19:15:00,0.0007000242864307,0.1857584848484848,0.009236471269313484
91,2023-02-26 19:30:00,0.0011866191991671,0.1986814189189189,0.002529533725711744
92,2023-02-26 19:45:00,0.000528967357857,0.185639349112426,0.0018947206305422555
93,2023-02-26 20:00:00,-0.0003331785197495,0.1508026785714285,0.0015129155684060706
94,2023-02-26 20:15:00,0.0037729305662974,0.1602725,0.004004233331567214
95,2023-02-26 20:30:00,0.0031566579381081,0.1570797435897435,0.004958861642355308
96,2023-02-26 20:45:00,-0.0006942277903974,0.1550767080745341,0.004979202199881486
97,2023-02-26 21:00:00,0.0003260342153375,0.1463988130563798,0.004978729248598773
98,2023-02-26 21:15:00,-0.0026112549362302,0.1349884210526315,0.0041679002165045005
99,2023-02-26 21:30:00,1.6108390820335217e-05,0.0995701298701298,0.002721610250710451
100,2023-02-26 21:45:00,-0.0011468873702416,0.1348318181818182,0.002870637694281854
101,2023-02-26 22:00:00,0.0003746644558759,0.1269958333333333,0.0028765666890857725
102,2023-02-26 22:15:00,-0.0084852688792071,0.112849790794979,0.008570634254663527
103,2023-02-26 22:30:00,0.0025023215924555,0.1317950381679389,0.00892844473573231
104,2023-02-26 22:45:00,0.0019965920047599,0.1398841628959276,0.009076792076084892
105,2023-02-26 23:00:00,0.0029061090166457,0.097365637065637,0.009523300402413554
106,2023-02-26 23:15:00,-0.0008969176335718,0.1821113537117903,0.004415645348483239
107,2023-02-26 23:30:00,0.0002613830749567,0.1872514851485148,0.00364755145315134
108,2023-02-26 23:45:00,0.0010648015737455,0.166133971291866,0.0032329637117304902
109,2023-02-27 10:00:00,0.0002962410115401,0.1398577777777777,0.001447184674343621
110,2023-02-27 10:15:00,-0.0001675598923664,0.1454606557377049,0.001148023761850274
111,2023-02-27 10:30:00,-0.0008245299833937,0.1383646288209607,0.001389059804117249
112,2023-02-27 10:45:00,0.0002622297802385,0.1163817204301075,0.0009297576058346005
113,2023-02-27 11:00:00,0.0012400609180396,0.1538972027972028,0.0015213288760613866
114,2023-02-27 11:15:00,0.0004668150337696,0.1444671361502347,0.001582492182401441
115,2023-02-27 11:30:00,0.0001067431802805,0.1904334801762114,0.0013549265368952132
116,2023-02-27 11:45:00,0.0003628416086787,0.1498756097560975,0.0013779388577609204
117,2023-02-27 12:00:00,-0.0012773594607704,0.1495726384364821,0.0014115989541289345
118,2023-02-27 12:15:00,-0.000442822857579,0.1595439688715953,0.0014038473616241262
119,2023-02-27 12:30:00,0.0007611409104182,0.142825,0.0015933388822579055
120,2023-02-27 12:45:00,-0.0001726055365374,0.2211390681003584,0.0015610469025527994
121,2023-02-27 13:00:00,0.0012882684607884,0.1805065789473684,0.0015699859448454164
122,2023-02-27 13:15:00,0.0049327404648717,0.16718,0.005157585896289115
123,2023-02-27 13:30:00,0.0084146038686139,0.1241909375,0.009840066821814786
124,2023-02-27 13:45:00,-0.0019181296472918,0.16765,0.010023788890951194
125,2023-02-27 14:00:00,-0.000493297972735,0.1203324242424242,0.009952891589543158
126,2023-02-27 14:15:00,0.0041695342824343,0.1430498305084745,0.009597558993400934
127,2023-02-27 14:30:00,-0.0020806985860026,0.0922936026936026,0.005063288158095721
128,2023-02-27 14:45:00,0.0026694086074403,0.1828003484320557,0.005392903479719339
129,2023-02-27 15:00:00,0.0016218860747105,0.136339420289855,0.005609864480627347
130,2023-02-27 15:15:00,-0.0008996036308861,0.1420974504249292,0.003859384672627603
131,2023-02-27 15:30:00,-0.0102844224208009,0.1200620689655172,0.010785865193622249
132,2023-02-27 15:45:00,-0.0007662533262067,0.1540283276450512,0.01047837247960953
133,2023-02-27 16:00:00,-0.0102556337754666,0.1478449591280654,0.01457202111989239
134,2023-02-27 16:15:00,0.0003610012378416,0.1170280373831775,0.014548705602891605
135,2023-02-27 16:30:00,0.0032905866744048,0.106711377245509,0.010803862774577793
136,2023-02-27 16:45:00,-0.0004453008653531,0.1336752380952381,0.010785851823229779
137,2023-02-27 17:00:00,-0.0010931524248345,0.1200165048543689,0.003514478288466067
138,2023-02-27 17:15:00,-0.0011667481145796,0.1326361204013378,0.003685449349706391
139,2023-02-27 17:30:00,0.0010657551309378,0.1040101503759398,0.0019724122912314923
140,2023-02-27 17:45:00,-0.0013121237128643,0.1475061983471074,0.0023267543969610633
141,2023-02-27 18:00:00,-0.0001774229703972,0.1359653125,0.002061621378983217
142,2023-02-27 18:15:00,-0.0050271874195058,0.140468359375,0.005306749937413952
143,2023-02-27 18:30:00,0.0007208256478214,0.15355,0.005248366461450637
144,2023-02-27 18:45:00,0.0024342178094229,0.1386043307086614,0.005634633814147172
145,2023-02-27 19:00:00,0.0004580638746478,0.1501103174603174,0.00565043731248861
146,2023-02-27 19:15:00,0.0007838455294724,0.1638309623430962,0.002696153238523357
147,2023-02-27 19:30:00,-0.0011577507289004,0.137369498069498,0.002844299460554787
148,2023-02-27 19:45:00,-0.000564771704445,0.1258821428571428,0.0015759410381554065
149,2023-02-27 20:00:00,-0.0021275199203802,0.127435494880546,0.002607701795470402
150,2023-02-27 20:15:00,0.0015095563270453,0.1760578703703703,0.0029093736687727458
151,2023-02-27 20:30:00,-0.0006734047528684,0.0976349514563106,0.002752733615056955
152,2023-02-27 20:45:00,0.0032034316409657,0.2021223529411764,0.004185755553739732
153,2023-02-27 21:00:00,0.001254694555671,0.1251126016260162,0.0038168661192238447
154,2023-02-27 21:15:00,-0.0006125810629846,0.1186910714285714,0.003558786622752724
155,2023-02-27 21:30:00,0.0019101842743953,0.0894974747474747,0.003982498239452855
156,2023-02-27 21:45:00,0.0001034960717323,0.116255900621118,0.002368338950777297
157,2023-02-27 22:00:00,0.0001924228999463,0.117923923444976,0.002017869552315561
158,2023-02-27 22:15:00,-0.0002296289322032,0.0974894736842105,0.0019363035448864009
159,2023-02-27 22:30:00,0.0007682161540323,0.122551552795031,0.0008310376135342621
160,2023-02-27 22:45:00,0.0034401061861562,0.1568023668639053,0.003537547547422488
161,2023-02-27 23:00:00,-0.0005162847041386,0.1071981981981982,0.0035698411692368886
162,2023-02-27 23:15:00,0.0009569604907717,0.1029379679144385,0.003688740965149468
163,2023-02-27 23:30:00,0.001696172153828,0.1638725714285714,0.003986684565409855
164,2023-02-27 23:45:00,-0.0017949347690233,0.1639958549222797,0.002698353956970015
165,2023-02-28 00:00:00,-0.0001766902180175,0.1378873188405797,0.002654389499397428
166,2023-02-28 00:15:00,1.0219080044393536e-05,0.1497655172413793,0.002475906836536922
167,2023-02-28 00:30:00,-0.0005613524738095,0.1079693251533742,0.0018889762538583693
168,2023-02-28 00:45:00,-0.0021465207473045,0.134326282051282,0.002225756451456614
169,2023-02-28 01:00:00,0.001372547352787,0.1273926356589147,0.002608957374833914
170,2023-02-28 01:15:00,-0.0013746820919724,0.1450828402366864,0.002948949814441224
171,2023-02-28 01:30:00,-0.002342845916198,0.1555144329896907,0.003724260382315733
172,2023-02-28 01:45:00,0.0028576130423978,0.1590281690140845,0.004174747462632904
173,2023-02-28 02:00:00,-0.000392667368839,0.077682251082251,0.003962173368704127
174,2023-02-28 02:15:00,0.0018983119003692,0.1775467032967032,0.004172847351720636
175,2023-02-28 02:30:00,-0.001843670683975,0.1238118343195266,0.003914441163776142
176,2023-02-28 02:45:00,0.000677644417955,0.2135833333333333,0.002759728117363861
177,2023-02-28 03:00:00,0.0022179066309266,0.1961265306122449,0.0035186675663844576
178,2023-02-28 03:15:00,-0.0006608093877833,0.1690311827956989,0.0030354740022976866
179,2023-02-28 03:30:00,0.0003853832897373,0.12998156424581,0.0024420280726652256
180,2023-02-28 03:45:00,-0.0009673592636545,0.1128774390243902,0.0025377318801397524
181,2023-02-28 04:00:00,-0.0015153220783261,0.0469488888888888,0.0019537590109918856
182,2023-02-28 04:15:00,-0.000107136096453,0.1352296969696969,0.0018417337943396268
183,2023-02-28 04:30:00,-0.0006524547345474,0.1143014388489208,0.0019155052257399908
184,2023-02-28 04:45:00,0.0001913397418054,0.0810701388888888,0.001664327858822652
185,2023-02-28 05:00:00,0.0006804969170648,0.0510989949748743,0.000967916460612877
186,2023-02-28 05:15:00,-0.0001323062952423,0.1143898734177215,0.0009710247614365534
187,2023-02-28 05:30:00,-0.0014022417232588,0.0658036363636363,0.0015759041078496517
188,2023-02-28 05:45:00,-0.0009386309293422,0.1009671428571428,0.0018242507727450883
189,2023-02-28 06:00:00,0.0006222888668911,0.1017004629629629,0.001803346406429714
190,2023-02-28 06:15:00,-0.0001795900221193,0.1359310734463276,0.0018074307405449956
191,2023-02-28 06:30:00,0.0007561980060124,0.1864732620320855,0.0013683418636131657
192,2023-02-28 06:45:00,-0.0004834049238588,0.2192708074534161,0.0011068024912374754
193,2023-02-28 07:00:00,-1.923845228013477e-05,0.0998980487804878,0.0009154990108126865
194,2023-02-28 07:15:00,-0.0014576404511377,0.1506705202312138,0.00171189998175919
195,2023-02-28 07:30:00,-0.0020323459325055,0.144028,0.0025473900589861845
196,2023-02-28 07:45:00,-0.0031380511454823,0.0744980295566502,0.004012839491416705
197,2023-02-28 08:00:00,0.0013379804085928,0.1015787985865724,0.004229976624002253
198,2023-02-28 08:15:00,0.0010447104327528,0.0864512195121951,0.004106020755319574
199,2023-02-28 08:30:00,-0.0004607923949873,0.1096326848249027,0.003597402685969644
200,2023-02-28 08:45:00,-2.620240585393674e-05,0.1169682539682539,0.0017591553824012718
201,2023-02-28 09:00:00,0.0010668705537106,0.1724438461538461,0.0015628975859050943
202,2023-02-28 09:15:00,-0.000712122487684,0.1616344827586207,0.001363212167342515
203,2023-02-28 09:30:00,-0.0004879184448363,0.1141888,0.0013726187346543173
204,2023-02-28 09:45:00,-4.725826859441895e-05,0.0937608695652174,0.001373182059525257
205,2023-02-28 10:00:00,0.0005991554021083,0.1034625874125874,0.001051857112968688
206,2023-02-28 10:15:00,0.0001996387189819,0.1338682608695652,0.0007994626737717705
207,2023-02-28 10:30:00,0.0025188903195623,0.1307123076923076,0.002597284081483483
208,2023-02-28 10:45:00,0.0004174154339473,0.1294721698113207,0.0026301876169722896
209,2023-02-28 11:00:00,-0.0008735607144902,0.2019302839116719,0.0027059209202228065
210,2023-02-28 11:15:00,0.0002612917680124,0.1284326829268292,0.002711166869894539
211,2023-02-28 11:30:00,0.0025664510677856,0.0924133603238866,0.002755410756632654
212,2023-02-28 11:45:00,-0.0005559331476554,0.0998248847926267,0.002779768777781987
213,2023-02-28 12:00:00,0.0016399894513945,0.0951759146341463,0.0031070197193960912
214,2023-02-28 12:15:00,0.0026498966287533,0.1190554502369668,0.004075199417422812
215,2023-02-28 12:30:00,-0.0016748660338201,0.1296449814126394,0.0035813063872935603
216,2023-02-28 12:45:00,-7.290247123492577e-05,0.1495410138248848,0.0035386450154430253
217,2023-02-28 13:00:00,-0.0011022847928376,0.125573786407767,0.0033237741964753814
218,2023-02-28 13:15:00,-0.0007894943440742,0.152622026431718,0.00215611318937634
219,2023-02-28 13:30:00,-0.0006328139214879,0.1427161172161172,0.0014980324807517477
220,2023-02-28 13:45:00,0.0007263560745762,0.1414153191489361,0.0016632437254199466
221,2023-02-28 14:00:00,-0.0008011579831279,0.1632696774193548,0.0014809463324365795
222,2023-02-28 14:15:00,8.549072745722697e-06,0.1816388,0.0012529859563766134
223,2023-02-28 14:30:00,0.004755616694986,0.1638401253918495,0.004877028859590405
224,2023-02-28 14:45:00,-0.0033810219582974,0.1583063670411985,0.005889747603479552
225,2023-02-28 15:00:00,0.00054751741912,0.1281419354838709,0.005860635464094605
226,2023-02-28 15:15:00,0.0012931353294494,0.1796022813688212,0.006001597615354497
227,2023-02-28 15:30:00,0.0023696017876542,0.2106237430167598,0.004360997181729564
228,2023-02-28 15:45:00,-0.0001887494293164,0.1307274900398406,0.0027609080541791463
229,2023-02-28 16:00:00,-0.000505207517925,0.1622350543478261,0.002752829924924421
230,2023-02-28 16:15:00,-0.0007778720486388,0.1636509727626459,0.0025516579981146982
231,2023-02-28 16:30:00,-0.0016880366463212,0.1944712328767123,0.001935307114287563
232,2023-02-28 16:45:00,0.0002613591586406,0.1498084,0.0019437324634193126
233,2023-02-28 17:00:00,0.0019344054542891,0.1406735735735735,0.002695326643426653
234,2023-02-28 17:15:00,5.403465494602244e-05,0.1176467362924282,0.0025812052484541406
235,2023-02-28 17:30:00,7.828125010789222e-05,0.1717641935483871,0.0019542980247245637
236,2023-02-28 17:45:00,0.0010158240219748,0.1204794117647058,0.0021869775040585277
237,2023-02-28 18:00:00,-0.0006925533365365,0.1301660869565217,0.0012331164850177324
238,2023-02-28 18:15:00,-0.001383566088295,0.1426592920353982,0.0018525419407849528
239,2023-02-28 18:30:00,0.0002384622602189,0.1517902366863905,0.0018661853974880232
240,2023-02-28 18:45:00,-0.0001528647994728,0.1737796610169491,0.0015729326562489356
241,2023-02-28 19:00:00,-0.0008094230917041,0.1429548104956268,0.0016277754017462965
242,2023-02-28 19:15:00,-0.009893645644551,0.1731304347826087,0.009930741250168256
243,2023-02-28 19:30:00,0.0017756353075917,0.1238933687002652,0.010085417109560266
244,2023-02-28 19:45:00,-0.000314989258376,0.1405875796178343,0.010089176817748083
245,2023-02-28 20:00:00,0.0017305708072861,0.1892835784313725,0.010204469532387872
246,2023-02-28 20:15:00,-0.0019601070505199,0.1369147058823529,0.0031763176709811657
247,2023-02-28 20:30:00,0.0019622523016096,0.1733383275261324,0.0032842879436177823
248,2023-02-28 20:45:00,-0.0014056964353592,0.1429091633466135,0.0035585546970761063
249,2023-02-28 21:00:00,-0.0044266189153852,0.1583017595307917,0.00540956479165354
250,2023-02-28 21:15:00,0.0011046133715169,0.1517576923076923,0.005161544563997652
251,2023-02-28 21:30:00,-0.0045531020946647,0.1624413294797688,0.006597108978590669
252,2023-02-28 21:45:00,0.0023275324249674,0.1144372307692307,0.006852975382729365
253,2023-02-28 22:00:00,0.003533912424956,0.1382627167630057,0.006313228461057547
254,2023-02-28 22:15:00,-0.0010234374951068,0.1676576158940397,0.0062995323006842015
255,2023-02-28 22:30:00,0.0009971754702728,0.1870204013377926,0.004466287881612344
256,2023-02-28 22:45:00,-0.0026996236407494,0.1718791304347826,0.004671005036804788
257,2023-02-28 23:00:00,-0.0002638001265218,0.1170466666666666,0.003065834557400354
258,2023-02-28 23:15:00,-0.0012275207246101,0.2109594142259414,0.0031398605631949724
259,2023-02-28 23:30:00,0.0004240344149515,0.1670957983193277,0.0030073527599629095
260,2023-02-28 23:45:00,-0.0002861278578816,0.151837751004016,0.0013557551298886523
261,2023-03-01 00:00:00,0.0013305342242642,0.1396431884057971,0.0018811705896608143
262,2023-03-01 00:15:00,0.0007767661030104,0.1704801652892562,0.0016233795726334228
263,2023-03-01 00:30:00,-0.0014828519660401,0.1997283636363636,0.002157407241336045
264,2023-03-01 00:45:00,-0.0019173661945135,0.1539049808429119,0.0028720776413210824
265,2023-03-01 01:00:00,0.002814247186027,0.0876573619631901,0.0037945350018018047
266,2023-03-01 01:15:00,-0.000627343518774,0.1632786610878661,0.003766787781606604
267,2023-03-01 01:30:00,0.0037917319730258,0.1773683397683397,0.005134887690469767
268,2023-03-01 01:45:00,0.0004813432278716,0.1413979166666666,0.004787741615092925
269,2023-03-01 02:00:00,0.0005137792921523,0.1173195219123506,0.003907230695758344
270,2023-03-01 02:15:00,-0.0006634483431948,0.172468396226415,0.003913189942159264
271,2023-03-01 02:30:00,0.0019958941493172,0.097584375,0.00221797601957932
272,2023-03-01 02:45:00,0.0016097092124578,0.1061908629441624,0.002697941820922494
273,2023-03-01 03:00:00,0.0044390932252671,0.1942869565217391,0.005169184613713301
274,2023-03-01 03:15:00,-0.0003994423223847,0.1729115789473684,0.005141970442882231
275,2023-03-01 03:30:00,0.0021217027454092,0.1282347107438016,0.005192098720177882
276,2023-03-01 03:45:00,-0.0014786618696742,0.0946004184100418,0.0051529764501916445
277,2023-03-01 04:00:00,-0.000378435172962,0.1621828767123287,0.002644017929922602
278,2023-03-01 04:15:00,0.001563584623442,0.1951089552238806,0.003045664708976413
279,2023-03-01 04:30:00,0.000870913813932,0.1451639344262295,0.0023522206212268915
280,2023-03-01 04:45:00,0.0125725458387382,0.1456003484320557,0.012704936434050736
281,2023-03-01 05:00:00,-0.0022034875852092,0.1067023529411764,0.012889047837265022
282,2023-03-01 05:15:00,-0.0021521987148567,0.1768440433212996,0.01297361617225023
283,2023-03-01 05:30:00,-2.997706332763528e-05,0.2019229571984435,0.012944385823124282
284,2023-03-01 05:45:00,0.0003562889253796,0.2164900735294117,0.0031008317060227247
285,2023-03-01 06:00:00,0.0012713047515919,0.1423508361204013,0.002525077326009022
286,2023-03-01 06:15:00,0.0005057103230523,0.1587176706827309,0.0014141425405296679
287,2023-03-01 06:30:00,0.0019084368863282,0.1260203225806451,0.00237508565102567
288,2023-03-01 06:45:00,-0.0003507713851949,0.1577262357414448,0.002374264226245981
289,2023-03-01 07:00:00,-0.0011120096066541,0.1539213114754098,0.0022929195820835697
290,2023-03-01 07:15:00,-0.000951787749468,0.1603895973154362,0.002430563144437517
291,2023-03-01 07:30:00,4.215319364675452e-07,0.1440108614232209,0.0015051598013796042
292,2023-03-01 07:45:00,-0.0001981395963177,0.1803435374149659,0.0014770662688743795
293,2023-03-01 08:00:00,0.0021651789613486,0.1822,0.002373427760017582
294,2023-03-01 08:15:00,-0.0014111933702043,0.2102470254957507,0.0025920505666543786
295,2023-03-01 08:30:00,0.0010682612297472,0.1524645604395604,0.0028035527491711504
296,2023-03-01 08:45:00,0.0051814979371229,0.1567191135734072,0.005888002173077473
297,2023-03-01 09:00:00,-0.0010945908913093,0.1640736572890025,0.0055837889353767415
298,2023-03-01 09:15:00,-0.0026091403489285,0.1537643076923077,0.005999570443551263
299,2023-03-01 09:30:00,-0.0014836585832931,0.1529460365853658,0.006087274122621076
300,2023-03-01 09:45:00,-0.0001763518117989,0.2001141414141414,0.0031997008193029655
301,2023-03-01 10:00:00,-0.0009222497819543,0.2223666666666666,0.0031449166561334395
302,2023-03-01 10:15:00,-0.0001403070282446,0.2225855218855219,0.0017614123525721136
303,2023-03-01 10:30:00,0.0011484217203356,0.1658669144981412,0.0014900346075688705
304,2023-03-01 10:45:00,0.0008540385602113,0.214434693877551,0.0017083574077329234
305,2023-03-01 11:00:00,1.555945383024948e-05,0.2270724226804124,0.001438117682543642
306,2023-03-01 11:15:00,-0.001175630669314,0.1964325657894736,0.0018521889421172853
307,2023-03-01 11:30:00,-0.0002189529007381,0.1762977198697068,0.0014695821863048685
308,2023-03-01 11:45:00,-0.0003032447208113,0.1756988372093023,0.0012337938647427012
309,2023-03-01 12:00:00,-0.0005591379056824,0.1398207920792079,0.0013544889817359667
310,2023-03-01 12:15:00,0.0027173323576317,0.1599209523809523,0.0027993620831976533
311,2023-03-01 12:30:00,-0.0027270262763625,0.1343120448179271,0.003901943107231909
312,2023-03-01 12:45:00,-0.000107060830464,0.1245883381924198,0.0038916146613962588
313,2023-03-01 13:00:00,-0.0015245416567974,0.146202534562212,0.004142011194882745
314,2023-03-01 13:15:00,-0.0017416800329197,0.2000638356164383,0.003578520774534206
315,2023-03-01 13:30:00,0.0009557221575562,0.1650714953271028,0.0025065002422192677
316,2023-03-01 13:45:00,0.0009231520934118,0.1778102339181286,0.002668949461941195
317,2023-03-01 14:00:00,-3.9256730792303074e-05,0.1744092970521542,0.002191028310633647
318,2023-03-01 14:15:00,-0.0002457061594682,0.1494978593272171,0.001351860657659501
319,2023-03-01 14:30:00,0.0015753555928839,0.1294159898477157,0.0018427880071549968
320,2023-03-01 14:45:00,-0.0017349702884157,0.1975193798449612,0.0023566458693297454
321,2023-03-01 15:00:00,-0.0014512128455024,0.1510021141649049,0.0027673556666008123
322,2023-03-01 15:15:00,0.0015918271274575,0.1782969773299748,0.003183048770027976
323,2023-03-01 15:30:00,0.0024253324262328,0.1722564676616915,0.003678626320528127
324,2023-03-01 15:45:00,-0.0012053942423868,0.1422588095238095,0.003460512243003382
325,2023-03-01 16:00:00,-0.0044489131802336,0.1193299771167048,0.005446278981679269
326,2023-03-01 16:15:00,0.0007596516130625,0.1812295698924731,0.005263564544659848
327,2023-03-01 16:30:00,0.00260485177008,0.138710663507109,0.005348656567976005
328,2023-03-01 16:45:00,0.0003883285375714,0.1963546448087431,0.0052255096264064
329,2023-03-01 17:00:00,0.001229415617356,0.1769170050761421,0.00300409472730281
330,2023-03-01 17:15:00,-0.0016912058605136,0.1327058171745152,0.003362691157393975
331,2023-03-01 17:30:00,0.0018087962688113,0.1966468277945619,0.002791806407685247
332,2023-03-01 17:45:00,-0.0008348118700922,0.1443623036649214,0.002887956859675521
333,2023-03-01 18:00:00,0.0001193617647725,0.1430393867924528,0.0026159279986340735
334,2023-03-01 18:15:00,-0.0011934147548942,0.2284005797101449,0.002325325957495273
335,2023-03-01 18:30:00,-0.0001207712130195,0.2010965116279069,0.0014662818802773999
336,2023-03-01 18:45:00,0.0006459141302332,0.2339866071428571,0.0013675806219809864
337,2023-03-01 19:00:00,-0.0012804136910649,0.1730442359249329,0.0018696226215455184
338,2023-03-01 19:15:00,-0.000578666416235,0.209457650273224,0.0015511623999677829
339,2023-03-01 19:30:00,-0.0004423624255238,0.1941190476190476,0.0016084786665339736
340,2023-03-01 19:45:00,-0.0116810606216457,0.1394538095238095,0.011773579566284073
341,2023-03-01 20:00:00,0.0028637377498252,0.1386469026548672,0.012049012842682562
342,2023-03-01 20:15:00,-0.0006860199692955,0.1635907849829351,0.012054645538551652
343,2023-03-01 20:30:00,0.0008904115732235,0.1849898692810457,0.01207938853230321
344,2023-03-01 20:45:00,-0.0007119242485522,0.1495728658536585,0.0031577343465613223
345,2023-03-01 21:00:00,-0.000489848884797,0.1473059405940594,0.0014178308198145597
346,2023-03-01 21:15:00,0.0035682205602221,0.1213706713780918,0.0037778060831302
347,2023-03-01 21:30:00,0.0022436505772649,0.1338034965034965,0.004302668235509952
348,2023-03-01 21:45:00,0.000459418533687,0.1130342372881356,0.0042681592283190205
349,2023-03-01 22:00:00,-0.0007163943124801,0.1764996632996633,0.004300052567039359
350,2023-03-01 22:15:00,-0.0026918042610937,0.1938858870967742,0.003606114847443474
351,2023-03-01 22:30:00,0.0018460789481498,0.174891304347826,0.0033731445066722265
352,2023-03-01 22:45:00,0.0009285594291785,0.2071888429752066,0.0034683225177763112
353,2023-03-01 23:00:00,-0.0004737338065794,0.1721601374570446,0.003426436048703752
354,2023-03-01 23:15:00,0.0014519316231762,0.1501470355731225,0.002569583478736088
355,2023-03-01 23:30:00,0.0027727231645044,0.1570694078947368,0.003298900653001069
356,2023-03-01 23:45:00,0.0006569864695311,0.1297743697478991,0.003232979140978413
357,2023-03-02 00:00:00,-0.0005935111178345,0.0642182572614108,0.003252689018873225
358,2023-03-02 00:15:00,0.0029577107263953,0.1429892307692307,0.004149690730181371
359,2023-03-02 00:30:00,-0.0013480536221877,0.1618558823529411,0.0033688555886928853
360,2023-03-02 00:45:00,-0.0025600929050249,0.171852229299363,0.0041799081854365155
361,2023-03-02 01:00:00,0.0009352020838608,0.0781854901960784,0.004241931155658187
362,2023-03-02 01:15:00,-0.0030386838639966,0.0658237762237762,0.004298782015132088
363,2023-03-02 01:30:00,-0.0026431435754847,0.174685635359116,0.004862970923823807
364,2023-03-02 01:45:00,0.0007010988138773,0.180102824858757,0.004193560548080484
365,2023-03-02 02:00:00,0.0007579778806352,0.1484904977375565,0.004157628843498628
366,2023-03-02 02:15:00,0.0004834792928836,0.0999167883211678,0.002878546543244638
367,2023-03-02 02:30:00,-0.0030931164269745,0.0980213333333333,0.0032965423509821786
368,2023-03-02 02:45:00,0.0012535438521048,0.1317612903225806,0.003456446746899002
369,2023-03-02 03:00:00,-0.0002928070771268,0.1569847953216374,0.0033850006840519253
370,2023-03-02 03:15:00,0.0003157853996338,0.160017037037037,0.003365144547119285
371,2023-03-02 03:30:00,-8.851199428328016e-05,0.1092268456375838,0.0013284061748272487
372,2023-03-02 03:45:00,-2.5959330242741885e-05,0.1993792,0.0004404141948167358
373,2023-03-02 04:00:00,-0.0001825854746613,0.1147033707865168,0.0003762527529970062
374,2023-03-02 04:15:00,-0.0001553728685923,0.1705810218978102,0.00025687826652044253
375,2023-03-02 04:30:00,0.0014744308501875,0.1746664772727272,0.0014940208842794595
376,2023-03-02 04:45:00,0.000674807155276,0.1490456,0.0016391428286297123
377,2023-03-02 05:00:00,-0.0021662666369799,0.1962044117647058,0.002710380582055429
378,2023-03-02 05:15:00,-0.0003325421472446,0.1975102857142857,0.0027262806992279015
379,2023-03-02 05:30:00,-0.0008503800381749,0.140960625,0.0024457731555326805
380,2023-03-02 05:45:00,-0.000608405695317,0.1615044025157233,0.002428291399648477
381,2023-03-02 06:00:00,-0.0010279249559879,0.1093521531100478,0.0015035018105267722
382,2023-03-02 06:15:00,0.0019201550894702,0.1586503267973856,0.0024159737130568172
383,2023-03-02 06:30:00,-0.000278709771603,0.1260821839080459,0.0022784779809430235
384,2023-03-02 06:45:00,-0.001027294172573,0.1930950276243094,0.002424177744421906
385,2023-03-02 07:00:00,0.0001130582974582,0.1749914798206278,0.002198360798420473
386,2023-03-02 07:15:00,-0.0022097247947066,0.1875646766169154,0.0024553366980425953
387,2023-03-02 07:30:00,0.0010204797652875,0.1580418994413407,0.002644310517947722
388,2023-03-02 07:45:00,-0.0009144518199839,0.129140625,0.0026025500820154013
389,2023-03-02 08:00:00,0.0002449328723059,0.1616221014492753,0.002611604269928781
390,2023-03-02 08:15:00,0.0006242433495522,0.0752537037037037,0.001525540217047478
391,2023-03-02 08:30:00,0.0021121008142248,0.115613768115942,0.002397261740385705
392,2023-03-02 08:45:00,-0.0006549140531504,0.1901116279069767,0.0023107475279353037
393,2023-03-02 09:00:00,2.6443641564455334e-05,0.1540947368421052,0.0022978819143076716
394,2023-03-02 09:15:00,0.0003168427985169,0.1436951351351351,0.00223404809518823
395,2023-03-02 09:30:00,-0.000376555240475,0.2024641255605381,0.0008196309482287014
396,2023-03-02 09:45:00,-0.0017682504269025,0.1376966666666666,0.001835644858495583
397,2023-03-02 10:00:00,-0.0005329664667144,0.1027155797101449,0.0019112681745333674
398,2023-03-02 10:15:00,0.0002462170852037,0.1437547263681592,0.0019008365340181929
399,2023-03-02 10:30:00,1.7523557966470094e-05,0.1215923357664233,0.0018632479048728099
400,2023-03-02 10:45:00,-0.0008474660120487,0.1380136363636363,0.0010311070867517929
401,2023-03-02 11:00:00,-0.0006649639157654,0.165130081300813,0.0011051269515208611
402,2023-03-02 11:15:00,0.0012268858918211,0.0928385714285714,0.0016327681150369276
403,2023-03-02 11:30:00,0.0007888946610883,0.1076186046511628,0.0018132786406647658
404,2023-03-02 11:45:00,0.000242184582996,0.1142953271028037,0.0016212446327912022
405,2023-03-02 12:00:00,-0.0002819135799789,0.1948144262295082,0.001505235003798658
406,2023-03-02 12:15:00,-0.0023793531543496,0.1650748971193415,0.0025341280271968265
407,2023-03-02 12:30:00,-0.0004750084200928,0.1526756862745098,0.002454604463266926
408,2023-03-02 12:45:00,0.0006449971828317,0.1581775784753363,0.0025263513343772672
409,2023-03-02 13:00:00,-0.0037520309227954,0.1266878594249201,0.004514500176514138
410,2023-03-02 13:15:00,0.0043054716754262,0.1235446735395189,0.005766842876178444
411,2023-03-02 13:30:00,0.0001698658427606,0.1102397727272727,0.005749756356917029
412,2023-03-02 13:45:00,-0.0027848165902693,0.1369,0.006356011346708412
413,2023-03-02 14:00:00,-0.0024544896728819,0.1566703488372093,0.005687324832305351
414,2023-03-02 14:15:00,0.0020094861177391,0.173854044117647,0.004224525045214664
415,2023-03-02 14:30:00,-0.0009782446571922,0.1715056,0.0043329805056605405
416,2023-03-02 14:45:00,0.0014850266859021,0.0937575757575757,0.003636594681681823
417,2023-03-02 15:00:00,0.0013834382764255,0.1153934782608695,0.003018973797374164
418,2023-03-02 15:15:00,-0.0002720778905072,0.1371581818181818,0.0022694040429920067
419,2023-03-02 15:30:00,-0.0003150172610517,0.1103866425992779,0.002071827207028592
420,2023-03-02 15:45:00,0.0014431219166635,0.1766489795918367,0.002042000143069793
421,2023-03-02 16:00:00,-0.0004529734056202,0.1186857142857142,0.0015687727769874956
422,2023-03-02 16:15:00,-0.0012765360175865,0.0945216417910447,0.002004137183804994
423,2023-03-02 16:30:00,-0.0007403572669062,0.1272221804511278,0.0021131632353914628
424,2023-03-02 16:45:00,-0.0010454115225666,0.1302611307420494,0.001864334531292761
425,2023-03-02 17:00:00,-0.0010705859181303,0.1121352059925093,0.00210159761764005
426,2023-03-02 17:15:00,0.0016709188246117,0.0903467391304347,0.002362019911160039
427,2023-03-02 17:30:00,-0.0019672408001731,0.06294009009009,0.0029834620064484413
428,2023-03-02 17:45:00,0.0008891323935422,0.1287795847750865,0.002932356851689853
429,2023-03-02 18:00:00,0.0014356462239266,0.1548095709570957,0.00308441932587452
430,2023-03-02 18:15:00,-0.0007598670383703,0.082881081081081,0.002701679251019287
431,2023-03-02 18:30:00,0.0043453362510348,0.0470710610932475,0.004723450173769128
432,2023-03-02 18:45:00,0.0022726986438836,0.1523231092436974,0.005165809157987147
433,2023-03-02 19:00:00,-0.0005253240668228,0.1172049469964664,0.0049900370290862995
434,2023-03-02 19:15:00,0.0018308239789472,0.1683058823529412,0.005260702241862661
435,2023-03-02 19:30:00,0.000256039563558,0.1912849137931034,0.0029763395641439552
436,2023-03-02 19:45:00,-0.0004563158602923,0.1229782828282828,0.0019752625748321604
437,2023-03-02 20:00:00,0.0001713026333653,0.139133220338983,0.001911816271650395
438,2023-03-02 20:15:00,0.0003003479585608,0.1468896860986547,0.000627163384510607
439,2023-03-02 20:30:00,0.0015208034372147,0.2221900763358778,0.0016249986915095884
440,2023-03-02 20:45:00,-0.0018752662210559,0.1474403940886699,0.0024390612913346085
441,2023-03-02 21:00:00,-0.0001525599173515,0.1494036764705882,0.0024378166295009264
442,2023-03-02 21:15:00,-0.000464641435192,0.1910731481481481,0.002463459495538114
443,2023-03-02 21:30:00,-0.0012884840338145,0.1866410788381742,0.002327225966017855
444,2023-03-02 21:45:00,-0.0006030003291659,0.1674208121827411,0.0015043160220009116
445,2023-03-02 22:00:00,0.0022086575003932,0.1653850909090909,0.0026679318056707316
446,2023-03-02 22:15:00,0.0031135225803069,0.1191686813186813,0.004073817781208819
447,2023-03-02 22:30:00,-0.0009382281441201,0.1168296296296296,0.00397694257684434
448,2023-03-02 22:45:00,-0.0019886185744102,0.0953,0.004405345241525614
449,2023-03-02 23:00:00,0.0006066689460801,0.1063067307692307,0.0038596561962339574
450,2023-03-02 23:15:00,-0.0010768348406049,0.0923557471264367,0.0025223989313720428
451,2023-03-02 23:30:00,0.0006781107523874,0.1192534653465346,0.0024376337934708696
452,2023-03-02 23:45:00,-8.13831037618229e-05,0.0948656626506024,0.0014121182266934426
453,2023-03-03 00:00:00,-0.0014408527017621,0.0967826839826839,0.0019240808673746115
454,2023-03-03 00:15:00,-0.0009084754375905,0.1135209677419354,0.0018351679843986238
455,2023-03-03 00:30:00,-5.509859553320951e-05,0.1404771689497717,0.0017061779490100185
456,2023-03-03 00:45:00,0.0003134662387509,0.1360066666666666,0.0017328245920885247
457,2023-03-03 01:00:00,-0.000181063878891,0.1251696,0.000979494097486388
458,2023-03-03 01:15:00,-0.0241163326879103,0.0988751020408163,0.02411911240863304
459,2023-03-03 01:30:00,-0.0221455792536886,0.046283105022831,0.0327437815165941
460,2023-03-03 01:45:00,-0.008682053740797,0.1109312154696132,0.03387381029765769
461,2023-03-03 02:00:00,0.0061579014352446,0.0476188953488372,0.034428505486582606
462,2023-03-03 02:15:00,0.005196313185225,0.0684052117263843,0.025114262052559313
463,2023-03-03 02:30:00,-0.0035398472701988,0.0903423387096774,0.01236244298913252
464,2023-03-03 02:45:00,0.0008260868478462,0.1014583333333333,0.008839364172928335
465,2023-03-03 03:00:00,-0.0024919697968979,0.0414784552845528,0.006813554312112946
466,2023-03-03 03:15:00,0.0042139956335951,0.1039943965517241,0.006097590577033547
467,2023-03-03 03:30:00,-0.0013825704513585,0.0532616113744075,0.005153794058920481
468,2023-03-03 03:45:00,-0.0016527431437864,0.0831883838383838,0.00534890022536526
469,2023-03-03 04:00:00,0.0006590975170066,0.0696457777777777,0.0047786221538415686
470,2023-03-03 04:15:00,0.0008237087176841,0.1203777173913043,0.002399159548845314
471,2023-03-03 04:30:00,-0.0009459134250455,0.0811458333333333,0.0021769744361216812
472,2023-03-03 04:45:00,0.0021942763122986,0.102181976744186,0.002611992789214607
473,2023-03-03 05:00:00,-0.0002130902177093,0.075518,0.0025364353401709718
474,2023-03-03 05:15:00,-0.0012875480697367,0.0133752808988764,0.0027226436078124786
475,2023-03-03 05:30:00,0.0002885012158309,0.1545994764397905,0.0025692934746767934
476,2023-03-03 05:45:00,-0.000390055556549,0.0928468208092485,0.0013923231526828663
477,2023-03-03 06:00:00,0.000814828309517,0.0812857142857143,0.0015990939605300535
478,2023-03-03 06:15:00,0.0015120672299993,0.1045490291262135,0.0017848441866893437
479,2023-03-03 06:30:00,-0.000432615268691,0.109442396313364,0.0018137231844819715
480,2023-03-03 06:45:00,-0.0004144861168526,0.1141,0.0018191336382454755
481,2023-03-03 07:00:00,-0.0009256207872976,0.0887928571428571,0.0018713834085198357
482,2023-03-03 07:15:00,-0.00021197194358,0.049410582010582,0.0011227914581571437
483,2023-03-03 07:30:00,0.0019342542968061,0.109130303030303,0.002194275363877314
484,2023-03-03 07:45:00,-0.0015957466828542,0.0431511848341232,0.002681315555337632
485,2023-03-03 08:00:00,0.0003017430714198,0.1057735202492211,0.0025345074761317986
486,2023-03-03 08:15:00,0.0002828852436547,0.139587356321839,0.0025414208826521584
487,2023-03-03 08:30:00,0.0004918420656281,0.1161592592592592,0.0017202874863199266
488,2023-03-03 08:45:00,0.0019752046264933,0.0945945205479452,0.002077116962587636
489,2023-03-03 09:00:00,-0.0009909071043896,0.0868892307692307,0.0022815045221627798
490,2023-03-03 09:15:00,-0.0012406863626424,0.1272887323943662,0.0025815773228819745
491,2023-03-03 09:30:00,-0.0003404644736768,0.1121628787878787,0.0025570586450711624
492,2023-03-03 09:45:00,-0.0001018937945787,0.1150340080971659,0.001627113377483658
493,2023-03-03 10:00:00,-0.0004479195285984,0.0914913580246913,0.0013661013716984214
494,2023-03-03 10:15:00,0.0002999762857935,0.107934,0.000645690389697681
495,2023-03-03 10:30:00,0.0005125678666928,0.1211082352941176,0.0007508167815638717
496,2023-03-03 10:45:00,-0.0013045033136993,0.0468335968379446,0.0015016898446605874
497,2023-03-03 11:00:00,-0.0005074186594615,0.0735003597122302,0.0015204980044138932
498,2023-03-03 11:15:00,0.0001637981848912,0.1386063829787234,0.0014995860277962783
499,2023-03-03 11:30:00,0.0002179084511233,0.1078477678571428,0.001426014210962418
500,2023-03-03 11:45:00,-0.0002801127986895,0.1257950207468879,0.0006405082469445475
501,2023-03-03 12:00:00,0.000762295745913,0.1555813333333333,0.0008566632492825456
502,2023-03-03 12:15:00,-0.0005345303361394,0.1571538775510204,0.000996375811403999
503,2023-03-03 12:30:00,-0.0007644945488092,0.1847665413533834,0.0012368235846874054
504,2023-03-03 12:45:00,0.0007546511439571,0.1902188976377952,0.001421537107755228
505,2023-03-03 13:00:00,-0.0013947156649596,0.1653781818181818,0.0018398110583893502
506,2023-03-03 13:15:00,0.0025207094688823,0.1527729729729729,0.0030745988806397703
507,2023-03-03 13:30:00,-0.0022362355387759,0.1410262008733624,0.003724171820224825
508,2023-03-03 13:45:00,0.0035390701360213,0.1458738255033557,0.005081827901961926
509,2023-03-03 14:00:00,-2.9459156667854813e-05,0.0674825396825396,0.00488677919298454
510,2023-03-03 14:15:00,-0.0006719936741657,0.1768675,0.004240071951346163
511,2023-03-03 14:30:00,0.000472451994403,0.0918547297297297,0.0036332728571803544
512,2023-03-03 14:45:00,-0.0006864238192854,0.1595234200743494,0.0010709023703064748
513,2023-03-03 15:00:00,0.0010386080907345,0.1738873333333333,0.001491533040517577
514,2023-03-03 15:15:00,-0.001445682977355,0.1579357615894039,0.001965475663510212
515,2023-03-03 15:30:00,-0.0009488460071356,0.1644790874524715,0.002130772733562336
516,2023-03-03 15:45:00,-0.0006314231910771,0.1632964539007092,0.002113695822165607
517,2023-03-03 16:00:00,-4.028784321263856e-06,0.1324847896440129,0.0018409289757088088
518,2023-03-03 16:15:00,0.0004211439378689,0.1566146953405018,0.001215064787982102
519,2023-03-03 16:30:00,-1.655597653993368e-05,0.1558268382352941,0.0007591757333424258
520,2023-03-03 16:45:00,0.0013254002063689,0.1749609442060086,0.0013908048946235216
521,2023-03-03 17:00:00,0.0006151505469986,0.1243382575757575,0.0015207669838861952
522,2023-03-03 17:15:00,0.0011591352819522,0.1460555555555555,0.0018651982749136877
523,2023-03-03 17:30:00,-0.000320335078582,0.1186745173745173,0.0018924336360760293
524,2023-03-03 17:45:00,0.0002770646071272,0.1971187192118226,0.0013789068701082641
525,2023-03-03 18:00:00,-0.0001681927073029,0.0460802588996763,0.0012454969882536734
526,2023-03-03 18:15:00,-0.0012648048683452,0.0820333333333333,0.0013443955894275627
527,2023-03-03 18:30:00,-0.0022330477398408,0.0513384892086331,0.0025867522391427927
528,2023-03-03 18:45:00,-0.0009371013973602,0.02026171875,0.0027372762701492414
529,2023-03-03 19:00:00,0.0007226131402191,0.0880920168067226,0.0028260506617450386
530,2023-03-03 19:15:00,-0.0007728077789046,0.0331684,0.002642737756739271
531,2023-03-03 19:30:00,0.0009944597767717,0.0913213197969543,0.0017281524499025047
532,2023-03-03 19:45:00,0.0010797945904474,0.1717757731958762,0.0018095049651020738
533,2023-03-03 20:00:00,0.0002723375499869,0.0774241228070175,0.0016811621603654468
534,2023-03-03 20:15:00,-0.0004454378915887,0.1060451776649746,0.001558040198958981
535,2023-03-03 20:30:00,-0.0018742637272772,0.1655488687782805,0.0022251749444352335
536,2023-03-03 20:45:00,-0.0004473693368414,0.0948614525139664,0.0019963933728924244
537,2023-03-03 21:00:00,-0.0026196447821664,0.1413906666666666,0.003282370719910773
538,2023-03-03 21:15:00,0.002117348560354,0.1001145945945946,0.0038805550574238395
539,2023-03-03 21:30:00,-0.0006282252842932,0.1675573684210526,0.0034555043108258437
540,2023-03-03 21:45:00,-0.0016590646871463,0.1674389162561576,0.003806949744181807
541,2023-03-03 22:00:00,0.0001771340612748,0.0996525252525252,0.0027679783318620803
542,2023-03-03 22:15:00,0.0010527156247732,0.0761157894736842,0.002070446644148662
543,2023-03-03 22:30:00,0.0009681666074516,0.1427449074074074,0.002197596159039582
544,2023-03-03 22:45:00,0.0014914840921829,0.2925506912442396,0.002073995670035095
545,2023-03-03 23:00:00,0.0012946700982094,0.1040797979797979,0.0024384938439245968
546,2023-03-03 23:15:00,0.0004343148126011,0.1233209459459459,0.0022420239509562015
547,2023-03-03 23:30:00,-7.244724099919608e-05,0.1595744827586206,0.002023505230931047
548,2023-03-03 23:45:00,-9.436816606545052e-05,0.0930417910447761,0.0013707494202578451
549,2023-03-04 00:00:00,-0.0006791767279299,0.0573182291666666,0.0008149014282115636
550,2023-03-04 00:15:00,0.0014445989949134,0.0680336956521739,0.001600718975136274
551,2023-03-04 00:30:00,0.0001590913563127,0.06363125,0.0016069731467222288
552,2023-03-04 00:45:00,-0.0003021164261696,0.1181006369426751,0.0016324005876258672
553,2023-03-04 01:00:00,0.000349481434787,0.0729036231884058,0.0015249878438795804
554,2023-03-04 01:15:00,-0.0005408094484735,0.125164935064935,0.0007288323040548473
555,2023-03-04 01:30:00,0.0001430524352201,-0.0040124223602484,0.000725500149554005
556,2023-03-04 01:45:00,-0.0011176945975428,0.1040870967741935,0.0012978125232165677
557,2023-03-04 02:00:00,0.0004236991504171,0.0901746835443038,0.0013197352167086949
558,2023-03-04 02:15:00,2.236561063817533e-05,0.0665822033898305,0.0012040458476329518
559,2023-03-04 02:30:00,-0.0002187571515808,0.1163235668789809,0.0012153670619806584
560,2023-03-04 02:45:00,-0.0002850376508405,0.0801691729323308,0.0005559877196196034
561,2023-03-04 03:00:00,-0.0007360144168444,0.0562664835164835,0.0008193403420474526
562,2023-03-04 03:15:00,0.0004929746732802,0.1268023076923077,0.0009559510468967217
563,2023-03-04 03:30:00,0.0003325422617788,0.0757390410958904,0.000988216610143825
564,2023-03-04 03:45:00,0.0001570575561,0.0774641666666666,0.000959162489933581
565,2023-03-04 04:00:00,0.000492043443943,0.1253142857142857,0.0007876434542482231
566,2023-03-04 04:15:00,-0.0007421837856131,0.1241328358208955,0.0009634287488711061
567,2023-03-04 04:30:00,7.339291886943045e-05,0.0987299401197604,0.0009071918864399966
568,2023-03-04 04:45:00,7.965207262827789e-05,0.0969358333333333,0.0008970365073777296
569,2023-03-04 05:00:00,-0.0001288784355928,0.0860054216867469,0.000761037052975737
570,2023-03-04 05:15:00,-0.0007566007053938,0.1025723076923077,0.0007751033813481905
571,2023-03-04 05:30:00,-0.0004847042749318,0.1103788732394366,0.0009112282729230836
572,2023-03-04 05:45:00,0.0005474030075429,0.096827868852459,0.0010600200778133485
573,2023-03-04 06:00:00,0.001491965190965,0.1053587878787878,0.0018256486642445197
574,2023-03-04 06:15:00,0.0013254167774707,0.0662533898305084,0.0021253889177880406
575,2023-03-04 06:30:00,-8.217301174973102e-05,0.1609345679012345,0.0020710123663510746
576,2023-03-04 06:45:00,-0.0010415920542055,0.1182897260273972,0.002252633165052867
577,2023-03-04 07:00:00,-0.0001189293498473,0.1231228070175438,0.0016919043222061853
578,2023-03-04 07:15:00,0.0004582026511528,0.1434828947368421,0.0011470659401371006
579,2023-03-04 07:30:00,-0.0002167819157836,0.1378618421052631,0.001164475103286196
580,2023-03-04 07:45:00,-0.0004158164100829,0.0994113475177305,0.0006663269060180552
581,2023-03-04 08:00:00,-0.0003081733729946,0.0740410714285714,0.0007244433609685174
582,2023-03-04 08:15:00,0.0001341945644277,0.1342668478260869,0.0005769546731328617
583,2023-03-04 08:30:00,-0.0009307862682952,0.1290065217391304,0.0010734269295513057
584,2023-03-04 08:45:00,0.0003540693730954,0.1218919597989949,0.0010510505255009782
585,2023-03-04 09:00:00,0.0011088446810241,0.101202688172043,0.0014964200299275774
586,2023-03-04 09:15:00,-0.000115791942127,0.1370294478527607,0.0014948821019425092
587,2023-03-04 09:30:00,-0.0008091293847449,0.1637320855614973,0.0014223219687253693
588,2023-03-04 09:45:00,0.0001865738008817,0.1395053191489361,0.001390123895532368
589,2023-03-04 10:00:00,-0.0001310901850892,0.147640404040404,0.0008485826741817016
590,2023-03-04 10:15:00,-0.0001011256720016,0.1449265193370165,0.00084670607804456
591,2023-03-04 10:30:00,-0.000628909020282,0.13456,0.0006765703046483826
592,2023-03-04 10:45:00,9.62643823640974e-05,0.107090308370044,0.0006574225621839443
593,2023-03-04 11:00:00,0.0003701957133159,0.1832566552901024,0.0007430105347834911
594,2023-03-04 11:15:00,0.0004139018270539,0.1742332116788321,0.0008444838516514278
595,2023-03-04 11:30:00,8.00758170793614e-05,0.1825988929889298,0.0005692438461581232
596,2023-03-04 11:45:00,-9.752335423662828e-05,0.2090038732394366,0.000569458101793727
597,2023-03-04 12:00:00,0.0002777823148356,0.1224652542372881,0.0005141990645425867
598,2023-03-04 12:15:00,6.529671770039158e-05,0.2125800711743772,0.0003120090012809875
599,2023-03-04 12:30:00,-0.0003390526507889,0.1458485714285714,0.00045375563953124775
600,2023-03-04 12:45:00,0.0016552583699862,0.1821703971119133,0.0017135529309578448
601,2023-03-04 13:00:00,-0.0008655063226949,0.1992384615384615,0.0018995267377385464
602,2023-03-04 13:15:00,0.0002333180927305,0.1701547540983606,0.001912688029563786
603,2023-03-04 13:30:00,-0.0004152724664976,0.1628434163701067,0.0019276592073965303
604,2023-03-04 13:45:00,-0.0003662444313299,0.1718729483282674,0.0010536245687774223
605,2023-03-04 14:00:00,-0.0003551929106127,0.1665094252873563,0.000697986777135557
606,2023-03-04 14:15:00,0.000394551614212,0.2119945859872611,0.0007670848616274334
607,2023-03-04 14:30:00,-0.0005395280468469,0.2089869281045751,0.0008408676928277176
608,2023-03-04 14:45:00,-0.0001253052078489,0.1728437956204379,0.0007672189312545039
609,2023-03-04 15:00:00,0.00036513138871,0.1590408823529411,0.0007718703360973751
610,2023-03-04 15:15:00,-0.0003633412037569,0.1783799270072992,0.0007563925368598589
611,2023-03-04 15:30:00,-0.0004409298453591,0.1992644171779141,0.000689534832340805
612,2023-03-04 15:45:00,-0.0007780325576014,0.1423364261168384,0.0010320327274776619
613,2023-03-04 16:00:00,0.0001079842720379,0.1204150717703349,0.0009713038775641966
614,2023-03-04 16:15:00,0.0003910653489569,0.193176848874598,0.0009820114558285523
615,2023-03-04 16:30:00,0.0004656744303517,0.1836564102564102,0.0009933680314634114
616,2023-03-04 16:45:00,-0.0005104622480729,0.1812842261904762,0.000801259690707923
617,2023-03-04 17:00:00,-0.0001030195939701,0.1708608069164265,0.0008006057242410683
618,2023-03-04 17:15:00,0.0002418553000502,0.177760777385159,0.0007392776235590765
619,2023-03-04 17:30:00,-0.0004076047455043,0.1682103678929765,0.0007041451257868655
620,2023-03-04 17:45:00,-0.0004839663827453,0.1780257763975155,0.0006851803493163912
621,2023-03-04 18:00:00,0.0002599369891527,0.177355,0.0007255524189728392
622,2023-03-04 18:15:00,0.0004166545389363,0.2183202492211838,0.0008009577587683304
623,2023-03-04 18:30:00,-0.0001657449905128,0.1486907894736842,0.0007091284119633411
624,2023-03-04 18:45:00,8.063612951048071e-05,0.110677037037037,0.00052453963664199
625,2023-03-04 19:00:00,-0.0004659874088499,0.1236372832369942,0.0006517045782295717
626,2023-03-04 19:15:00,-0.0012556618538468,0.13458038585209,0.0013519632183144428
627,2023-03-04 19:30:00,0.0,0.1381890845070422,0.0013417649353724584
628,2023-03-04 19:45:00,-0.0015987644420025,0.1448966292134831,0.0020856362811919513
629,2023-03-04 20:00:00,-0.0017679015839551,0.100450641025641,0.0026941066131035904
630,2023-03-04 20:15:00,0.0012284157009041,0.1460290178571428,0.0026815161543034247
631,2023-03-04 20:30:00,-0.0017373227102588,0.1896395161290322,0.003195124267594488
632,2023-03-04 20:45:00,0.0025419491305829,0.2035488054607508,0.0037568972206903405
633,2023-03-04 21:00:00,-0.0018124461059176,0.1753910394265233,0.0037780632079328328
634,2023-03-04 21:15:00,0.0007199748319823,0.1940726495726495,0.0036446015183550532
635,2023-03-04 21:30:00,-0.0017107873792632,0.1227769503546099,0.003632027462046677
636,2023-03-04 21:45:00,0.0012253112713267,0.1231544680851064,0.0028690600924745923
637,2023-03-04 22:00:00,0.0002128466218636,0.1474292096219931,0.0022342445282048226
638,2023-03-04 22:15:00,0.0040440163474517,0.0758175373134328,0.004563721405999915
639,2023-03-04 22:30:00,0.0014329857810153,0.2075582329317269,0.004467013304561295
640,2023-03-04 22:45:00,-0.0018767319923629,0.1659508771929824,0.004687743926735524
641,2023-03-04 23:00:00,0.0009813565464131,0.1475756653992395,0.00478463165869588
642,2023-03-04 23:15:00,-0.0004596389182722,0.1598961165048543,0.0025980569328112758
643,2023-03-04 23:30:00,0.0009271249178794,0.1078678947368421,0.0023571194689471276
644,2023-03-04 23:45:00,0.0005983675976981,0.169176724137931,0.0015465875344467782
645,2023-03-05 14:45:00,-0.0002816816053794,0.1308145161290322,0.0012280948079555721
646,2023-03-05 15:00:00,0.0005427901955084,0.1601386178861788,0.001261574460139806
647,2023-03-05 15:15:00,0.0005763362899084,0.1102621301775148,0.001031587623127351
648,2023-03-05 15:30:00,-0.0004466984803919,0.1410470899470899,0.0009516663147337806
649,2023-03-05 15:45:00,-0.0004870084035033,0.1426685082872928,0.0010312620582920192
650,2023-03-05 16:00:00,-0.0001827450359712,0.1803234200743494,0.0008956986014864377
651,2023-03-05 16:15:00,0.0002348881049769,0.108563436123348,0.0007247654016983841
652,2023-03-05 16:30:00,0.0003364134129242,0.1706295358649789,0.0006625098788017396
653,2023-03-05 16:45:00,-0.0001528201445761,0.1568805687203791,0.0004744429902689287
654,2023-03-05 17:00:00,-0.0001479414528855,0.1391085585585585,0.00046215481856741496
655,2023-03-05 17:15:00,8.734157647261043e-05,0.196360606060606,0.00040748399409812634
656,2023-03-05 17:30:00,0.0003559716962122,0.1758051063829787,0.0004237747863606852
657,2023-03-05 17:45:00,-0.0009086694323201,0.123134529147982,0.0009909143304038534
658,2023-03-05 18:00:00,0.0003280896962447,0.0685686507936508,0.0010332799163342836
659,2023-03-05 18:15:00,0.0002442142840948,0.1357786026200873,0.00105814906845633
660,2023-03-05 18:30:00,-0.0001613173481143,0.0733675799086757,0.001009448804731294
661,2023-03-05 18:45:00,-0.0002794703631394,0.1609288732394366,0.0005209706671337395
662,2023-03-05 19:00:00,0.0002291090653852,0.1471317152103559,0.0004650360750237705
663,2023-03-05 19:15:00,-0.0018481856979111,0.1620147766323024,0.0018900815613302824
664,2023-03-05 19:30:00,-0.0001616500093266,0.1192284132841328,0.0018901099828299353
665,2023-03-05 19:45:00,0.0005808358708225,0.1456762295081967,0.0019574939009238935
666,2023-03-05 20:00:00,-1.1604485223415397e-05,0.1095802675585284,0.0019440746056645724
667,2023-03-05 20:15:00,8.926574910361751e-07,0.1327465201465201,0.0006030227982954861
668,2023-03-05 20:30:00,0.0005416961110249,0.1101681992337164,0.0007943175979722025
669,2023-03-05 20:45:00,-0.0003283738208494,0.1590925925925926,0.0006335609708886994
670,2023-03-05 21:00:00,0.0040920543150146,0.1244134831460674,0.004140793807567064
671,2023-03-05 21:15:00,-0.0018219664924963,0.111318315018315,0.0045239069906141535
672,2023-03-05 21:30:00,-0.0042461753133231,0.1687066666666666,0.006180801289032243
673,2023-03-05 21:45:00,0.0052527595802569,0.1806149812734082,0.008104687434828318
674,2023-03-05 22:00:00,-0.0017396875176718,0.1512110671936758,0.007208853068163999
675,2023-03-05 22:15:00,-0.0014834380041026,0.1855084033613445,0.007130819656295771
676,2023-03-05 22:30:00,0.0009102990409921,0.1248123711340206,0.005800623115077444
677,2023-03-05 22:45:00,0.0001301661358592,0.1240584112149532,0.0024642825605264156
678,2023-03-05 23:00:00,-0.0011841549428623,0.1429306122448979,0.0021091227578490484
679,2023-03-05 23:15:00,-0.0002762815027015,0.1429511961722488,0.0015245136812753989
680,2023-03-05 23:30:00,0.0007550184316311,0.156057399103139,0.0014372023004669235
681,2023-03-05 23:45:00,0.0006323130918435,0.1635903743315508,0.0015647450513293173
